model,display_name,correct,num_samples,accuracy,wilson_ci_low,wilson_ci_high
Local_Qwen25_Math_15B_CoT,Local Qwen2.5-Math-1.5B CoT,1054,1319,0.799090219863533,0.776611799918406,0.8198314930654252
DeepSeek_v4_flash,DeepSeek-V4-Flash API,1248,1319,0.9461713419257013,0.9326451231124187,0.9571061517189745
DeepSeek_v4_pro,DeepSeek-V4-Pro API,1253,1319,0.9499620924943138,0.9368338307737062,0.960476928125923
