model,display_name,accuracy,correct_count,prompt_tokens,completion_tokens,prompt_cache_hit_tokens,prompt_cache_miss_tokens,prompt_cache_hit_rate,estimated_cost_usd,usd_per_correct
DeepSeek_v4_flash,DeepSeek-V4-Flash API,0.946171,1247.999549,495959.0,377843.0,368640.0,127319.0,0.7432872475345744,0.124652892,9.988216109523611e-05
DeepSeek_v4_pro,DeepSeek-V4-Pro API,0.949962,1252.9998779999999,495938.0,417749.0,351104.0,144834.0,0.7079594626747698,0.42771717200000003,0.00034135452006803794
