epoch,train_loss,dev_loss,dev_strict_acc,dev_fallback_acc,dev_format_rate,teacher_forcing_ratio,gpu_max_mem_gb
1,1.776798,1.368395,0.016043,0.016043,1.0,1.0,0.693
2,1.419205,1.331232,0.026738,0.026738,1.0,0.9,0.695
3,1.386484,1.401288,0.022727,0.022727,1.0,0.8,0.7
4,1.371329,1.375793,0.022727,0.022727,1.0,0.7,0.7
5,1.340933,1.383731,0.01738,0.01738,1.0,0.6,0.7
