model,num_samples,bleu4,rouge_l,strict_final_answer_acc,fallback_final_answer_acc,format_rate
RNN_full,1319,0.129968,0.389191,0.025019,0.025777,0.903715
Transformer_full,1319,0.053301,0.193792,0.004549,0.006823,0.245641
RNN_final_only,1319,0.0,0.047052,0.028052,0.028052,1.0
Transformer_final_only,1319,0.0,0.021786,0.031842,0.031842,1.0
