degradation_type,score_name,n_pairs,ranking_accuracy,ranking_ci_low,ranking_ci_high,mean_score_drop,score_drop_ci_low,score_drop_ci_high,median_score_drop,paired_t_p_greater,wilcoxon_p_greater
overall,public_screening_score,1080,0.5175925925925926,0.487962962962963,0.5472222222222223,0.005704069223550094,0.0025542582244695634,0.008802773339946227,0.0011815071576092295,9.48771003467172e-05,0.001161163833661292
contrast_loss,public_screening_score,180,0.6888888888888889,0.6222222222222222,0.75,0.032894863311449835,0.02387628517213446,0.04178681347514708,0.03063668023008287,3.1527832605437333e-12,5.876875730277216e-11
content_crop,public_screening_score,180,0.5833333333333334,0.5111111111111111,0.6555555555555556,0.007373198472350907,0.0026864194074735876,0.012055019032340046,0.007058924897093227,0.0014907164115909117,0.0007702153490393002
occluding_prompt,public_screening_score,180,0.24444444444444444,0.18333333333333332,0.3056944444444437,-0.020766963152742398,-0.025855320359634802,-0.015865537693142275,-0.01915038842729555,0.9999999999999064,0.9999999999998557
clutter_controls,public_screening_score,180,0.4722222222222222,0.4,0.55,0.001796321064444428,-0.0017522073118437652,0.005571602460863408,-0.0016776595375241343,0.1659412854156698,0.4709615998755769
tiny_text_band,public_screening_score,180,0.8111111111111111,0.7555555555555555,0.8666666666666667,0.03729887871145718,0.02952925177368536,0.04475770726151495,0.039799509920688675,1.3406541641923888e-17,4.416315178666447e-17
overlap_text_block,public_screening_score,180,0.3055555555555556,0.2388888888888889,0.37222222222222223,-0.02437188306565938,-0.03155681637007153,-0.016988617440839484,-0.023946194229700513,0.9999999998761103,0.9999999997320377
