subset,n,auc,balanced_accuracy
overall,1260,0.9239557613168725,0.7194444444444444
contrast_loss,360,0.9898148148148147,0.7361111111111112
content_crop,360,0.754537037037037,0.6722222222222223
occluding_prompt,360,0.9839814814814815,0.7361111111111112
clutter_controls,360,0.818425925925926,0.7
tiny_text_band,360,0.9984876543209877,0.7361111111111112
overlap_text_block,360,0.9984876543209876,0.7361111111111112
