degradation_type,score_name,n_pairs,ranking_accuracy,ranking_ci_low,ranking_ci_high,mean_score_drop,score_drop_ci_low,score_drop_ci_high,median_score_drop,paired_t_p_greater,wilcoxon_p_greater
overall,public_regression_score,1080,0.5601851851851852,0.5305555555555556,0.587986111111111,0.01779189371432169,0.012623447383652396,0.02289472613035007,0.008375944822375025,3.505191498304137e-12,1.7856340802448921e-09
contrast_loss,public_regression_score,180,0.7833333333333333,0.7222222222222222,0.8388888888888889,0.06412462028161273,0.047811070353714576,0.08047677170955936,0.0738510015117173,1.191284123219099e-13,2.500161360282025e-13
content_crop,public_regression_score,180,0.6111111111111112,0.5388888888888889,0.6777777777777778,0.015902354826611086,0.007744997519841371,0.02429424509766068,0.010663832199545809,0.00012355449756712067,0.0001825696583188956
occluding_prompt,public_regression_score,180,0.3888888888888889,0.31666666666666665,0.46111111111111114,-0.010190019741063002,-0.018822681035483662,-0.0014256226826820208,-0.015963628633273608,0.9873367772715251,0.9983197771733865
clutter_controls,public_regression_score,180,0.5055555555555555,0.43333333333333335,0.5777777777777777,0.0036216162952280384,-0.0014708742082337105,0.008943105040031457,0.0003492063492092079,0.09291542998071611,0.15970868965982837
tiny_text_band,public_regression_score,180,0.7666666666666667,0.7,0.8222222222222222,0.06757909244084713,0.053756693901289294,0.08251918682884063,0.06782406977942479,6.289138216703958e-17,4.5788632866027374e-17
overlap_text_block,public_regression_score,180,0.3055555555555556,0.2388888888888889,0.37222222222222223,-0.03428630181730583,-0.04427745556889527,-0.024595775411667662,-0.04006840513983212,0.9999999999132707,0.999999999974041
