epoch,train_loss,dev_loss,dev_strict_acc,dev_fallback_acc,dev_format_rate,teacher_forcing_ratio,gpu_max_mem_gb
1,3.608227,2.771432,0.004011,0.006684,0.247326,1.0,6.647
2,2.794369,2.366018,0.009358,0.010695,0.90508,0.833333,6.647
3,2.63327,2.28091,0.008021,0.012032,0.653743,0.666667,6.749
4,2.72173,2.304979,0.005348,0.008021,0.864973,0.5,6.749
