analysis,model,subset,n,mae,rmse,spearman,pairwise_acc,ndcg
oof_regression,Fold mean,All screens,1000,0.4858560416666666,0.6033382862653514,-0.07328218065731776,0.3666321712696462,0.9394585258400899
oof_regression,Fold mean,Education/reading proxy,129,0.4618774224806201,0.5842453661394601,-0.15028579000421663,0.31507469443186964,0.8785904637954008
oof_regression,Fold mean,Other categories,871,0.4894074100650593,0.6061149229070985,-0.060986449180572486,0.3735077069430774,0.9392811670434639
oof_regression,CLIP RF,All screens,1000,0.4835825619623431,0.6028574385972852,0.06219364316554858,0.5320304134417063,0.9481051600318852
oof_regression,CLIP RF,Education/reading proxy,129,0.45290315523850727,0.5805435924974791,0.02928882005407776,0.5090538705296515,0.9059301264862019
oof_regression,CLIP RF,Other categories,871,0.4881263546918205,0.6060924040641632,0.06671960152490673,0.534484626143797,0.9470205948240803
oof_regression,Handcrafted visual RF,All screens,1000,0.4765607964466087,0.6035104856457569,0.13266043879839412,0.5652394196149452,0.9492956667485146
oof_regression,Handcrafted visual RF,Education/reading proxy,129,0.44906482728260794,0.5863525235577084,0.1290246680393623,0.5588501584427342,0.8953223123585897
oof_regression,Handcrafted visual RF,Other categories,871,0.48063310416435395,0.6060103754151684,0.13365121715753564,0.5664002712617912,0.9485451188988104
