analysis,n,mae,rmse,spearman,pairwise_acc,ndcg
proxy_transfer,129,0.43988375942114605,0.5643986275216506,0.2649758711315679,0.634676324128565,0.9205877715768049
