analysis,model,n,low_n,high_n,balanced_accuracy,f1,accuracy,auc,average_precision
tier_diagnostics,"Extended CLIP+visual ET, 25%",564,279,285,0.563478588945482,0.5802047781569966,0.5638297872340425,0.5948751807834999,0.5967281830468164
tier_diagnostics,"V2 handcrafted RF, 30%",951,495,456,0.5796650717703349,0.5507900677200903,0.5814931650893796,0.6089203437887649,0.5750367549189616
