epoch,train_loss,dev_loss,dev_strict_acc,dev_fallback_acc,dev_format_rate,teacher_forcing_ratio,gpu_max_mem_gb
1,3.622772,2.92106,0.012032,0.012032,0.340909,1.0,3.374
2,2.949968,2.607208,0.014706,0.014706,0.622995,0.833333,3.479
3,2.891498,2.425602,0.014706,0.016043,0.875668,0.666667,3.497
4,2.970923,2.452139,0.014706,0.016043,0.903743,0.5,3.497
