model,strict_acc,fallback_acc,format_rate
Pretrained_T5_final,0.04679144385026738,0.04679144385026738,1.0
RNN_final_opt_beam5,0.034759358288770054,0.034759358288770054,1.0
Transformer_final_v2,0.02540106951871658,0.02540106951871658,1.0
Transformer_final_opt,0.0213903743315508,0.0213903743315508,1.0
