epoch,train_loss,dev_strict_acc,dev_fallback_acc,dev_format_rate
1,1.084081,0.030749,0.030749,1.0
2,0.993052,0.034759,0.034759,1.0
3,0.9628,0.032086,0.032086,1.0
4,0.93159,0.046791,0.046791,1.0
5,0.910567,0.032086,0.032086,1.0
6,0.886665,0.033422,0.033422,1.0
7,0.869535,0.03877,0.03877,1.0
8,0.844696,0.036096,0.036096,1.0
