epoch,train_loss,dev_loss,dev_strict_acc,dev_fallback_acc,dev_format_rate,gpu_max_mem_gb
1,2.528996,1.35046,0.008021,0.008021,1.0,0.509
2,1.371682,1.339852,0.02139,0.02139,1.0,0.51
3,1.337803,1.31482,0.02139,0.02139,1.0,0.51
4,1.337903,1.308139,0.016043,0.016043,1.0,0.51
5,1.338986,1.28949,0.018717,0.018717,1.0,0.51
6,1.317485,1.331451,0.022727,0.022727,1.0,0.51
