epoch,train_loss,dev_loss,dev_strict_acc,dev_fallback_acc,dev_format_rate,teacher_forcing_ratio,gpu_max_mem_gb
1,3.770502,3.008644,0.0,0.0,0.0,1.0,4.515
2,3.128977,2.674464,0.001337,0.004011,0.124332,0.833333,4.515
3,3.098982,2.555912,0.012032,0.012032,0.766043,0.666667,4.515
4,3.271735,2.578797,0.002674,0.01738,0.127005,0.5,4.519
